{"win-greedy":0,"win-qplayer":100,"tie":0,"_timestamp":1.731397695755579e+09,"_runtime":1164.582779,"_step":9999,"epoch":9999,"_wandb":{"runtime":1164}}