{"win-qplayer":0,"tie":0,"_timestamp":1.73142437243945e+09,"_runtime":18618.424276,"_step":13202,"epoch":13202,"win-greedy":100,"_wandb":{"runtime":18618}}