{"win-greedy":1.4,"win-qplayer":98.6,"tie":0,"_timestamp":1.731400667059152e+09,"_runtime":2860.295825,"_wandb":{"runtime":2860},"_step":9999,"epoch":9999}