{"win-qplayer":100,"_wandb":{"runtime":9953},"tie":0,"_timestamp":1.731371291354468e+09,"_runtime":9953.28266,"_step":9999,"epoch":9999,"win-greedy":0}