{"_timestamp":1.7314052137409248e+09,"_runtime":2812.149876,"_step":9999,"epoch":9999,"_wandb":{"runtime":2812},"win-greedy":0,"win-qplayer":99.8,"tie":0.2}